id;project_name;start_date;end_date;order_quantity;esimated_budget;final_total
1;Forward driver Checking;2023-10-13T01:29:27;2023-10-13T05:06:00;6642;93635;62887
2;archive;2023-10-13T06:45:58;2023-10-12T14:43:33;35749;68589;92100
3;RAM;2023-10-13T01:22:47;2023-10-12T13:34:04;19511;37365;3984
4;Berkshire;2023-10-12T13:30:23;2023-10-13T08:49:29;2229;5897;92961
5;New indigo next;2023-10-12T17:19:38;2023-10-13T03:15:59;24107;52053;23926
6;Agent;2023-10-12T19:02:52;2023-10-12T10:21:06;21808;98479;86866
7;Future;2023-10-13T03:39:24;2023-10-12T23:59:59;28737;43695;47567
8;index models grey;2023-10-12T18:41:05;2023-10-12T21:34:51;88872;45010;76612
9;Cross-platform International;2023-10-12T19:09:35;2023-10-13T01:55:28;15156;50792;18669
10;compress Account;2023-10-12T19:41:41;2023-10-13T05:29:43;18523;71725;94030
